,v,vw,o,c,h,l,t,n,UNIXTIME
0,2673.0,184.5369,184.69,184.62,184.69,184.42,1708074000000,99,2024-02-16 04:00:00-05:00
1,2407.0,184.5418,184.5,184.55,184.64,184.5,1708074060000,71,2024-02-16 04:01:00-05:00
2,3527.0,184.5749,184.58,184.55,184.6,184.55,1708074180000,40,2024-02-16 04:03:00-05:00
3,709.0,184.5234,184.53,184.53,184.53,184.53,1708074240000,37,2024-02-16 04:04:00-05:00
4,536.0,184.4239,184.42,184.42,184.42,184.42,1708074300000,16,2024-02-16 04:05:00-05:00
5,1346.0,184.4525,184.46,184.45,184.46,184.45,1708074360000,46,2024-02-16 04:06:00-05:00
6,1886.0,184.5072,184.49,184.5,184.5,184.49,1708074420000,50,2024-02-16 04:07:00-05:00
7,450.0,184.4635,184.45,184.45,184.45,184.45,1708074480000,23,2024-02-16 04:08:00-05:00
8,707.0,184.5242,184.53,184.53,184.53,184.53,1708074600000,21,2024-02-16 04:10:00-05:00
9,2239.0,184.5899,184.56,184.63,184.63,184.56,1708074660000,38,2024-02-16 04:11:00-05:00
10,331.0,184.6349,184.64,184.64,184.64,184.64,1708074720000,12,2024-02-16 04:12:00-05:00
11,722.0,184.687,184.7,184.7,184.7,184.7,1708074780000,32,2024-02-16 04:13:00-05:00
12,1335.0,184.8268,184.79,184.84,184.87,184.79,1708075020000,44,2024-02-16 04:17:00-05:00
13,1755.0,184.8247,184.84,184.84,184.84,184.84,1708075080000,43,2024-02-16 04:18:00-05:00
14,540.0,184.7599,184.78,184.78,184.78,184.78,1708075140000,23,2024-02-16 04:19:00-05:00
15,2741.0,184.7062,184.71,184.7,184.71,184.7,1708075200000,40,2024-02-16 04:20:00-05:00
16,1504.0,184.7512,184.75,184.75,184.75,184.75,1708075260000,30,2024-02-16 04:21:00-05:00
17,307.0,184.7034,184.7,184.7,184.7,184.7,1708075500000,9,2024-02-16 04:25:00-05:00
18,1216.0,184.7002,184.7,184.7,184.7,184.7,1708075560000,17,2024-02-16 04:26:00-05:00
19,351.0,184.7419,184.76,184.76,184.76,184.76,1708075620000,14,2024-02-16 04:27:00-05:00
20,634.0,184.7395,184.74,184.74,184.74,184.74,1708075680000,27,2024-02-16 04:28:00-05:00
21,1303.0,184.7301,184.75,184.71,184.75,184.71,1708075740000,28,2024-02-16 04:29:00-05:00
22,1801.0,184.7215,184.7,184.75,184.75,184.7,1708075860000,25,2024-02-16 04:31:00-05:00
23,490.0,184.7535,184.74,184.74,184.74,184.74,1708075920000,20,2024-02-16 04:32:00-05:00
24,654.0,184.7316,184.72,184.72,184.72,184.72,1708076100000,33,2024-02-16 04:35:00-05:00
25,314.0,184.7203,184.7,184.7,184.7,184.7,1708076220000,14,2024-02-16 04:37:00-05:00
26,510.0,184.7095,184.71,184.71,184.71,184.71,1708076280000,12,2024-02-16 04:38:00-05:00
27,1377.0,184.7019,184.7,184.7,184.7,184.7,1708076580000,41,2024-02-16 04:43:00-05:00
28,1166.0,184.7005,184.7,184.7,184.7,184.7,1708076700000,10,2024-02-16 04:45:00-05:00
29,901.0,184.7228,184.73,184.73,184.73,184.73,1708076760000,26,2024-02-16 04:46:00-05:00
30,2204.0,184.7015,184.7,184.71,184.71,184.7,1708076940000,27,2024-02-16 04:49:00-05:00
31,457.0,184.7242,184.73,184.73,184.73,184.73,1708077180000,14,2024-02-16 04:53:00-05:00
32,645.0,184.7321,184.73,184.73,184.73,184.73,1708077240000,18,2024-02-16 04:54:00-05:00
33,426.0,184.7231,184.72,184.72,184.72,184.72,1708077300000,23,2024-02-16 04:55:00-05:00
34,1169.0,184.7122,184.7,184.7,184.7,184.7,1708077420000,35,2024-02-16 04:57:00-05:00
35,496.0,184.714,184.7,184.7,184.7,184.7,1708077480000,17,2024-02-16 04:58:00-05:00
36,562.0,184.7417,184.74,184.74,184.74,184.74,1708077780000,15,2024-02-16 05:03:00-05:00
37,1786.0,184.7964,184.78,184.83,184.83,184.78,1708077960000,31,2024-02-16 05:06:00-05:00
38,2692.0,184.8431,184.81,184.85,184.85,184.81,1708078020000,43,2024-02-16 05:07:00-05:00
39,1250.0,184.8634,184.87,184.87,184.87,184.87,1708078320000,37,2024-02-16 05:12:00-05:00
40,1406.0,184.8736,184.87,184.86,184.89,184.86,1708078380000,25,2024-02-16 05:13:00-05:00
41,1000.0,184.9007,184.89,184.9,184.9,184.89,1708078440000,23,2024-02-16 05:14:00-05:00
42,1131.0,184.9499,184.94,184.97,184.97,184.94,1708078500000,28,2024-02-16 05:15:00-05:00
43,2026.0,184.9826,184.96,185.0,185.0,184.96,1708078560000,85,2024-02-16 05:16:00-05:00
44,2952.0,185.1294,185.18,185.14,185.18,185.12,1708078620000,43,2024-02-16 05:17:00-05:00
45,2228.0,185.0856,185.07,185.1,185.1,185.07,1708078680000,25,2024-02-16 05:18:00-05:00
46,2248.0,185.1011,185.1,185.1,185.1,185.1,1708078740000,20,2024-02-16 05:19:00-05:00
47,250.0,185.1164,185.12,185.12,185.12,185.12,1708078800000,12,2024-02-16 05:20:00-05:00
48,1760.0,185.1308,185.14,185.13,185.15,185.13,1708078860000,48,2024-02-16 05:21:00-05:00
49,1510.0,185.1704,185.17,185.17,185.17,185.17,1708078920000,19,2024-02-16 05:22:00-05:00
50,561.0,185.1866,185.17,185.17,185.17,185.17,1708079100000,26,2024-02-16 05:25:00-05:00
51,1203.0,185.1889,185.19,185.19,185.19,185.19,1708079220000,38,2024-02-16 05:27:00-05:00
52,469.0,185.1343,185.13,185.13,185.13,185.13,1708079460000,16,2024-02-16 05:31:00-05:00
53,1171.0,185.1875,185.18,185.18,185.18,185.18,1708079520000,30,2024-02-16 05:32:00-05:00
54,1052.0,185.166,185.16,185.16,185.16,185.16,1708079640000,22,2024-02-16 05:34:00-05:00
55,3372.0,185.2016,185.2,185.2,185.2,185.2,1708079940000,33,2024-02-16 05:39:00-05:00
56,1314.0,185.2419,185.23,185.25,185.25,185.23,1708080060000,24,2024-02-16 05:41:00-05:00
57,2516.0,185.3917,185.35,185.39,185.39,185.35,1708080120000,71,2024-02-16 05:42:00-05:00
58,1372.0,185.3607,185.4,185.35,185.4,185.35,1708080300000,40,2024-02-16 05:45:00-05:00
59,1253.0,185.3515,185.37,185.37,185.37,185.37,1708080540000,45,2024-02-16 05:49:00-05:00
60,346.0,185.2615,185.26,185.26,185.26,185.26,1708080720000,17,2024-02-16 05:52:00-05:00
61,404.0,185.2705,185.27,185.27,185.27,185.27,1708080780000,13,2024-02-16 05:53:00-05:00
62,1394.0,185.254,185.26,185.25,185.26,185.25,1708081020000,43,2024-02-16 05:57:00-05:00
63,2041.0,185.2524,185.26,185.26,185.26,185.25,1708081080000,29,2024-02-16 05:58:00-05:00
64,771.0,185.2531,185.25,185.25,185.25,185.25,1708081140000,24,2024-02-16 05:59:00-05:00
65,758.0,185.2496,185.25,185.25,185.25,185.25,1708081200000,13,2024-02-16 06:00:00-05:00
66,3633.0,185.2499,185.25,185.25,185.25,185.25,1708081260000,33,2024-02-16 06:01:00-05:00
67,1244.0,185.2653,185.26,185.29,185.29,185.26,1708081500000,17,2024-02-16 06:05:00-05:00
68,1197.0,185.2861,185.27,185.29,185.29,185.27,1708081740000,32,2024-02-16 06:09:00-05:00
69,314.0,185.305,185.3,185.3,185.3,185.3,1708081860000,13,2024-02-16 06:11:00-05:00
70,251.0,185.3262,185.33,185.33,185.33,185.33,1708081920000,14,2024-02-16 06:12:00-05:00
71,401.0,185.3283,185.33,185.33,185.33,185.33,1708082040000,16,2024-02-16 06:14:00-05:00
72,1057.0,185.2494,185.25,185.25,185.25,185.25,1708082280000,41,2024-02-16 06:18:00-05:00
73,5223.0,185.0339,185.16,185.0,185.16,185.0,1708082400000,153,2024-02-16 06:20:00-05:00
74,2009.0,184.8522,184.89,184.83,184.89,184.83,1708082460000,72,2024-02-16 06:21:00-05:00
75,10487.0,184.6992,184.66,184.7,184.8,184.6,1708082640000,200,2024-02-16 06:24:00-05:00
76,1168.0,184.6519,184.63,184.65,184.65,184.63,1708082700000,17,2024-02-16 06:25:00-05:00
77,1800.0,184.6397,184.63,184.65,184.65,184.62,1708082760000,35,2024-02-16 06:26:00-05:00
78,1204.0,184.6921,184.7,184.7,184.7,184.7,1708082820000,24,2024-02-16 06:27:00-05:00
79,1415.0,184.6242,184.69,184.6,184.69,184.6,1708082880000,52,2024-02-16 06:28:00-05:00
80,875.0,184.5787,184.6,184.56,184.6,184.56,1708083000000,23,2024-02-16 06:30:00-05:00
81,1257.0,184.5262,184.51,184.51,184.51,184.51,1708083060000,36,2024-02-16 06:31:00-05:00
82,1215.0,184.5803,184.58,184.6,184.6,184.58,1708083120000,31,2024-02-16 06:32:00-05:00
83,1042.0,184.5695,184.6,184.52,184.6,184.52,1708083180000,34,2024-02-16 06:33:00-05:00
84,3443.0,184.5874,184.57,184.6,184.6,184.57,1708083300000,35,2024-02-16 06:35:00-05:00
85,1009.0,184.6,184.6,184.6,184.6,184.6,1708083360000,12,2024-02-16 06:36:00-05:00
86,855.0,184.6,184.6,184.6,184.6,184.6,1708083420000,25,2024-02-16 06:37:00-05:00
87,1780.0,184.6008,184.6,184.6,184.6,184.6,1708083480000,30,2024-02-16 06:38:00-05:00
88,735.0,184.599,184.6,184.6,184.6,184.6,1708083540000,28,2024-02-16 06:39:00-05:00
89,512.0,184.5901,184.59,184.59,184.59,184.59,1708083660000,8,2024-02-16 06:41:00-05:00
90,2327.0,184.6041,184.6,184.61,184.61,184.59,1708083720000,35,2024-02-16 06:42:00-05:00
91,560.0,184.6968,184.7,184.7,184.7,184.7,1708083780000,14,2024-02-16 06:43:00-05:00
92,3787.0,184.6349,184.7,184.67,184.7,184.59,1708083840000,66,2024-02-16 06:44:00-05:00
93,3954.0,184.6037,184.61,184.6,184.62,184.6,1708083900000,41,2024-02-16 06:45:00-05:00
94,896.0,184.5315,184.5,184.5,184.5,184.5,1708083960000,83,2024-02-16 06:46:00-05:00
95,681.0,184.5211,184.52,184.52,184.52,184.52,1708084080000,28,2024-02-16 06:48:00-05:00
96,2408.0,184.479,184.52,184.47,184.52,184.47,1708084140000,74,2024-02-16 06:49:00-05:00
97,1431.0,184.4541,184.45,184.45,184.45,184.44,1708084260000,39,2024-02-16 06:51:00-05:00
98,1336.0,184.4465,184.45,184.43,184.45,184.43,1708084320000,20,2024-02-16 06:52:00-05:00
99,912.0,184.4177,184.42,184.41,184.43,184.41,1708084380000,34,2024-02-16 06:53:00-05:00
100,1393.0,184.4643,184.5,184.45,184.5,184.45,1708084440000,36,2024-02-16 06:54:00-05:00
101,1006.0,184.4704,184.5,184.45,184.5,184.45,1708084500000,23,2024-02-16 06:55:00-05:00
102,1552.0,184.4993,184.5,184.5,184.5,184.5,1708084560000,21,2024-02-16 06:56:00-05:00
103,558.0,184.4988,184.5,184.5,184.5,184.5,1708084620000,15,2024-02-16 06:57:00-05:00
104,956.0,184.4917,184.49,184.49,184.49,184.48,1708084680000,27,2024-02-16 06:58:00-05:00
105,1660.0,184.5295,184.5,184.53,184.55,184.5,1708084740000,30,2024-02-16 06:59:00-05:00
106,9411.0,184.5102,184.55,184.55,184.55,184.45,1708084800000,171,2024-02-16 07:00:00-05:00
107,3372.0,184.4417,184.49,184.4,184.5,184.4,1708084860000,81,2024-02-16 07:01:00-05:00
108,2509.0,184.3077,184.35,184.31,184.35,184.3,1708084920000,94,2024-02-16 07:02:00-05:00
109,6251.0,184.2375,184.3,184.2,184.3,184.2,1708084980000,133,2024-02-16 07:03:00-05:00
110,6907.0,184.1596,184.15,184.2,184.2,184.1,1708085040000,150,2024-02-16 07:04:00-05:00
111,845.0,184.2207,184.2,184.24,184.24,184.2,1708085100000,33,2024-02-16 07:05:00-05:00
112,1288.0,184.2774,184.31,184.29,184.31,184.25,1708085160000,24,2024-02-16 07:06:00-05:00
113,3898.0,184.2196,184.25,184.2,184.25,184.2,1708085220000,84,2024-02-16 07:07:00-05:00
114,7279.0,184.0566,184.19,184.01,184.19,184.0,1708085280000,211,2024-02-16 07:08:00-05:00
115,5418.0,184.118,184.03,184.18,184.18,184.03,1708085340000,108,2024-02-16 07:09:00-05:00
116,1309.0,184.1981,184.17,184.23,184.23,184.17,1708085400000,36,2024-02-16 07:10:00-05:00
117,890.0,184.2567,184.28,184.28,184.28,184.28,1708085460000,26,2024-02-16 07:11:00-05:00
118,1519.0,184.2724,184.27,184.29,184.29,184.27,1708085520000,41,2024-02-16 07:12:00-05:00
119,5406.0,184.3612,184.32,184.38,184.4,184.32,1708085580000,66,2024-02-16 07:13:00-05:00
120,2482.0,184.3802,184.38,184.38,184.38,184.38,1708085640000,27,2024-02-16 07:14:00-05:00
121,2096.0,184.3527,184.37,184.35,184.37,184.35,1708085700000,39,2024-02-16 07:15:00-05:00
122,610.0,184.3231,184.32,184.32,184.32,184.32,1708085760000,19,2024-02-16 07:16:00-05:00
123,10399.0,184.2397,184.3,184.2,184.35,184.15,1708085820000,196,2024-02-16 07:17:00-05:00
124,5646.0,184.1,184.13,184.03,184.13,184.03,1708085880000,81,2024-02-16 07:18:00-05:00
125,7698.0,184.038,184.1,184.01,184.1,184.0,1708085940000,184,2024-02-16 07:19:00-05:00
126,411.0,184.2011,184.16,184.16,184.16,184.16,1708086180000,12,2024-02-16 07:23:00-05:00
127,501.0,184.2565,184.25,184.25,184.25,184.25,1708086360000,15,2024-02-16 07:26:00-05:00
128,988.0,184.2112,184.18,184.18,184.18,184.18,1708086420000,41,2024-02-16 07:27:00-05:00
129,1314.0,184.3034,184.3,184.32,184.32,184.3,1708086480000,29,2024-02-16 07:28:00-05:00
130,372.0,184.2626,184.28,184.25,184.28,184.25,1708086600000,12,2024-02-16 07:30:00-05:00
131,1325.0,184.2118,184.21,184.21,184.21,184.21,1708086720000,31,2024-02-16 07:32:00-05:00
132,3992.0,184.2734,184.26,184.3,184.3,184.26,1708086780000,74,2024-02-16 07:33:00-05:00
133,1509.0,184.2722,184.27,184.27,184.27,184.27,1708087080000,35,2024-02-16 07:38:00-05:00
134,752.0,184.284,184.29,184.29,184.29,184.29,1708087260000,24,2024-02-16 07:41:00-05:00
135,2162.0,184.2727,184.28,184.28,184.28,184.28,1708087320000,37,2024-02-16 07:42:00-05:00
136,5490.0,184.1393,184.15,184.1,184.15,184.1,1708087440000,134,2024-02-16 07:44:00-05:00
137,1473.0,184.1504,184.15,184.15,184.16,184.15,1708087500000,20,2024-02-16 07:45:00-05:00
138,1158.0,184.1467,184.14,184.14,184.14,184.14,1708087620000,37,2024-02-16 07:47:00-05:00
139,3903.0,184.1392,184.12,184.15,184.15,184.12,1708087740000,75,2024-02-16 07:49:00-05:00
140,1043.0,184.1564,184.15,184.15,184.15,184.15,1708087800000,31,2024-02-16 07:50:00-05:00
141,2608.0,184.2568,184.26,184.26,184.26,184.26,1708087920000,39,2024-02-16 07:52:00-05:00
142,2740.0,184.2628,184.26,184.26,184.27,184.26,1708087980000,35,2024-02-16 07:53:00-05:00
143,1859.0,184.2561,184.26,184.25,184.26,184.25,1708088040000,42,2024-02-16 07:54:00-05:00
144,555.0,184.2056,184.2,184.2,184.2,184.2,1708088100000,17,2024-02-16 07:55:00-05:00
145,1853.0,184.156,184.17,184.13,184.17,184.13,1708088160000,49,2024-02-16 07:56:00-05:00
146,522.0,184.1473,184.16,184.16,184.16,184.16,1708088280000,21,2024-02-16 07:58:00-05:00
147,5136.0,184.0597,184.11,184.01,184.11,184.01,1708088340000,127,2024-02-16 07:59:00-05:00
148,43703.0,184.2584,184.17,184.1,184.55,184.02,1708088400000,893,2024-02-16 08:00:00-05:00
149,4536.0,183.5888,184.16,184.08,184.38,182.8219,1708088460000,450,2024-02-16 08:01:00-05:00
150,2575.0,184.1642,184.08,184.23,184.32,184.08,1708088520000,394,2024-02-16 08:02:00-05:00
151,5398.0,184.1016,184.01,184.1,184.186,184.0,1708088580000,293,2024-02-16 08:03:00-05:00
152,6490.0,184.1321,184.15,184.18,184.26,183.94,1708088640000,271,2024-02-16 08:04:00-05:00
153,11595.0,184.0974,184.12,184.06,184.35,183.91,1708088700000,742,2024-02-16 08:05:00-05:00
154,2726.0,184.1167,184.12,184.1,184.12,184.1,1708088760000,32,2024-02-16 08:06:00-05:00
155,1192.0,184.1169,184.11,184.11,184.11,184.11,1708088820000,50,2024-02-16 08:07:00-05:00
156,3309.0,184.119,184.11,184.13,184.13,184.1,1708088880000,39,2024-02-16 08:08:00-05:00
157,2131.0,184.1184,184.144,184.12,184.1456,184.1,1708088940000,44,2024-02-16 08:09:00-05:00
158,2792.0,184.0452,184.11,184.02,184.11,184.02,1708089000000,70,2024-02-16 08:10:00-05:00
159,1034.0,184.0308,184.02,184.06,184.06,184.02,1708089060000,35,2024-02-16 08:11:00-05:00
160,2115.0,184.0679,184.08,184.08,184.08,184.05,1708089120000,47,2024-02-16 08:12:00-05:00
161,2685.0,184.0323,184.0307,184.02,184.09,184.02,1708089180000,58,2024-02-16 08:13:00-05:00
162,9416.0,183.9877,184.01,183.89,184.03,183.89,1708089240000,267,2024-02-16 08:14:00-05:00
163,10873.0,183.8065,183.9187,183.78,183.9187,183.67,1708089300000,345,2024-02-16 08:15:00-05:00
164,5159.0,183.7963,183.7277,183.79,183.854,183.7277,1708089360000,99,2024-02-16 08:16:00-05:00
165,7807.0,183.7079,183.79,183.51,183.8,183.51,1708089420000,179,2024-02-16 08:17:00-05:00
166,9296.0,183.5617,183.6,183.62,183.63,183.5,1708089480000,190,2024-02-16 08:18:00-05:00
167,9173.0,183.5566,183.63,183.56,183.63,183.5,1708089540000,148,2024-02-16 08:19:00-05:00
168,15385.0,183.5678,183.56,183.59,183.6,183.56,1708089600000,110,2024-02-16 08:20:00-05:00
169,25325.0,183.5357,183.57,183.57,183.63,183.5,1708089660000,234,2024-02-16 08:21:00-05:00
170,4069.0,183.5312,183.62,183.6,183.62,183.5,1708089720000,80,2024-02-16 08:22:00-05:00
171,2561.0,183.5873,183.595,183.6038,183.6164,183.51,1708089780000,87,2024-02-16 08:23:00-05:00
172,9325.0,183.5169,183.54,183.53,183.55,183.5,1708089840000,400,2024-02-16 08:24:00-05:00
173,2418.0,183.5387,183.5,183.6,183.6,183.5,1708089900000,120,2024-02-16 08:25:00-05:00
174,6907.0,183.5833,183.5999,183.54,183.6,183.54,1708089960000,94,2024-02-16 08:26:00-05:00
175,5399.0,183.5465,183.55,183.528,183.55,183.528,1708090020000,206,2024-02-16 08:27:00-05:00
176,8774.0,183.4967,183.53,183.49,183.53,183.49,1708090080000,121,2024-02-16 08:28:00-05:00
177,3633.0,183.4764,183.51,183.51,183.51,183.46,1708090140000,71,2024-02-16 08:29:00-05:00
178,52397.0,183.3056,183.46,183.17,183.46,183.02,1708090200000,591,2024-02-16 08:30:00-05:00
179,28305.0,182.9883,183.12,182.8208,183.15,182.82,1708090260000,553,2024-02-16 08:31:00-05:00
180,42651.0,182.9368,182.9,183.0,183.08,182.82,1708090320000,560,2024-02-16 08:32:00-05:00
181,33159.0,183.2072,183.0,183.06,183.4663,182.92,1708090380000,328,2024-02-16 08:33:00-05:00
182,13498.0,183.1024,183.08,183.1,183.198,183.06,1708090440000,255,2024-02-16 08:34:00-05:00
183,9785.0,183.0477,183.1,182.99,183.15,182.99,1708090500000,206,2024-02-16 08:35:00-05:00
184,18119.0,182.9981,182.99,183.09,183.1,182.9305,1708090560000,236,2024-02-16 08:36:00-05:00
185,12152.0,183.1273,183.09,183.28,183.29,183.08,1708090620000,190,2024-02-16 08:37:00-05:00
186,14244.0,183.1662,183.23,183.1481,183.23,183.01,1708090680000,223,2024-02-16 08:38:00-05:00
187,9793.0,182.981,183.0,182.99,183.0,182.93,1708090740000,209,2024-02-16 08:39:00-05:00
188,6678.0,183.1088,182.97,183.1355,183.15,182.97,1708090800000,134,2024-02-16 08:40:00-05:00
189,12013.0,183.1451,183.1018,183.13,183.19,183.1018,1708090860000,167,2024-02-16 08:41:00-05:00
190,11459.0,182.9887,183.07,182.99,183.07,182.9234,1708090920000,247,2024-02-16 08:42:00-05:00
191,3746.0,182.9819,182.98,182.99,182.99,182.96,1708090980000,101,2024-02-16 08:43:00-05:00
192,6713.0,182.9888,182.99,183.0,183.0,182.98,1708091040000,90,2024-02-16 08:44:00-05:00
193,6178.0,183.0064,183.0,182.9997,183.064,182.9997,1708091100000,145,2024-02-16 08:45:00-05:00
194,10522.0,183.0119,183.0,182.96,183.09,182.96,1708091160000,166,2024-02-16 08:46:00-05:00
195,22753.0,182.8384,182.93,182.68,182.93,182.6708,1708091220000,465,2024-02-16 08:47:00-05:00
196,10351.0,182.8341,182.71,182.89,182.89,182.7,1708091280000,222,2024-02-16 08:48:00-05:00
197,38336.0,182.6561,182.89,182.6,182.89,182.52,1708091340000,558,2024-02-16 08:49:00-05:00
198,20306.0,182.7629,182.62,182.81,182.85,182.58,1708091400000,232,2024-02-16 08:50:00-05:00
199,11241.0,182.8295,182.83,182.85,182.85,182.75,1708091460000,148,2024-02-16 08:51:00-05:00
200,7703.0,182.8861,182.85,182.9,182.91,182.85,1708091520000,134,2024-02-16 08:52:00-05:00
201,8987.0,182.8733,182.9,182.86,182.9,182.85,1708091580000,121,2024-02-16 08:53:00-05:00
202,2412.0,182.8826,182.899,182.9,182.9,182.86,1708091640000,69,2024-02-16 08:54:00-05:00
203,5053.0,182.9026,182.9,182.92,182.9499,182.87,1708091700000,111,2024-02-16 08:55:00-05:00
204,7662.0,182.8958,182.9004,182.9,182.91,182.87,1708091760000,117,2024-02-16 08:56:00-05:00
205,2620.0,182.9076,182.92,182.94,182.94,182.8741,1708091820000,104,2024-02-16 08:57:00-05:00
206,9764.0,182.9534,182.94,182.99,182.99,182.92,1708091880000,191,2024-02-16 08:58:00-05:00
207,11857.0,182.9526,182.98,182.99,182.99,182.92,1708091940000,159,2024-02-16 08:59:00-05:00
208,5827.0,182.9542,182.95,182.99,182.99,182.94,1708092000000,134,2024-02-16 09:00:00-05:00
209,5597.0,182.9586,182.98,182.98,182.9897,182.93,1708092060000,114,2024-02-16 09:01:00-05:00
210,2954.0,182.9541,182.97,182.93,182.97,182.93,1708092120000,96,2024-02-16 09:02:00-05:00
211,5331.0,182.9803,182.95,182.99,182.99,182.9416,1708092180000,86,2024-02-16 09:03:00-05:00
212,12428.0,183.0241,182.99,183.0497,183.05,182.99,1708092240000,184,2024-02-16 09:04:00-05:00
213,7109.0,183.0136,183.02,183.005,183.05,183.0,1708092300000,192,2024-02-16 09:05:00-05:00
214,10095.0,182.964,182.9204,182.96,183.0208,182.92,1708092360000,132,2024-02-16 09:06:00-05:00
215,2888.0,182.9553,182.9464,182.99,182.99,182.91,1708092420000,110,2024-02-16 09:07:00-05:00
216,1725.0,182.9885,182.98,182.99,182.99,182.98,1708092480000,67,2024-02-16 09:08:00-05:00
217,6318.0,183.0023,182.99,183.05,183.05,182.98,1708092540000,138,2024-02-16 09:09:00-05:00
218,18240.0,183.1021,183.06,183.11,183.15,183.06,1708092600000,196,2024-02-16 09:10:00-05:00
219,10565.0,183.1391,183.1494,183.15,183.15,183.07,1708092660000,126,2024-02-16 09:11:00-05:00
220,9432.0,183.202,183.19,183.29,183.29,183.18,1708092720000,171,2024-02-16 09:12:00-05:00
221,7810.0,183.2822,183.291,183.26,183.31,183.25,1708092780000,174,2024-02-16 09:13:00-05:00
222,6849.0,183.1976,183.26,183.17,183.26,183.15,1708092840000,129,2024-02-16 09:14:00-05:00
223,4249.0,183.1503,183.17,183.1,183.17,183.1,1708092900000,129,2024-02-16 09:15:00-05:00
224,1897.0,183.0913,183.11,183.07,183.11,183.07,1708092960000,81,2024-02-16 09:16:00-05:00
225,2336.0,183.0529,183.1,183.03,183.1,183.0,1708093020000,104,2024-02-16 09:17:00-05:00
226,5442.0,182.9994,183.01,183.0,183.01,182.99,1708093080000,140,2024-02-16 09:18:00-05:00
227,1414.0,182.9798,182.98,182.98,182.98,182.98,1708093140000,91,2024-02-16 09:19:00-05:00
228,2357.0,182.9829,182.99,182.99,182.99,182.97,1708093200000,106,2024-02-16 09:20:00-05:00
229,7502.0,182.9078,183.0,182.85,183.0,182.85,1708093260000,299,2024-02-16 09:21:00-05:00
230,5200.0,182.8851,182.86,182.89,182.89,182.86,1708093320000,93,2024-02-16 09:22:00-05:00
231,4167.0,182.8711,182.86,182.91,182.91,182.85,1708093380000,143,2024-02-16 09:23:00-05:00
232,6293.0,182.8345,182.89,182.82,182.91,182.76,1708093440000,227,2024-02-16 09:24:00-05:00
233,4796.0,182.9561,182.91,183.0,183.0,182.91,1708093500000,135,2024-02-16 09:25:00-05:00
234,17373.0,183.0134,183.0,183.05,183.09,182.9,1708093560000,315,2024-02-16 09:26:00-05:00
235,25802.0,183.207,183.05,183.38,183.39,183.0492,1708093620000,290,2024-02-16 09:27:00-05:00
236,31925.0,183.4592,183.28,183.55,183.57,183.28,1708093680000,356,2024-02-16 09:28:00-05:00
237,64765.0,183.5018,183.55,183.42,183.64,183.24,1708093740000,500,2024-02-16 09:29:00-05:00
238,2183349.0,183.6382,183.42,183.74,183.87,183.42,1708093800000,8572,2024-02-16 09:30:00-05:00
239,240719.0,183.5674,183.72,183.4792,183.84,183.31,1708093860000,3470,2024-02-16 09:31:00-05:00
240,172177.0,183.5012,183.48,183.5,183.64,183.32,1708093920000,2635,2024-02-16 09:32:00-05:00
241,160868.0,183.5924,183.495,183.71,183.76,183.39,1708093980000,2311,2024-02-16 09:33:00-05:00
242,271470.0,183.9047,183.695,184.04,184.06,183.695,1708094040000,3439,2024-02-16 09:34:00-05:00
243,188036.0,184.038,184.02,184.1319,184.138,183.95,1708094100000,2318,2024-02-16 09:35:00-05:00
244,229339.0,184.2928,184.13,184.4103,184.429,184.13,1708094160000,2947,2024-02-16 09:36:00-05:00
245,340835.0,184.6496,184.41,184.781,184.85,184.4,1708094220000,3998,2024-02-16 09:37:00-05:00
246,299574.0,184.7097,184.79,184.694,184.85,184.56,1708094280000,3162,2024-02-16 09:38:00-05:00
247,208960.0,184.6443,184.7,184.59,184.785,184.53,1708094340000,2504,2024-02-16 09:39:00-05:00
248,260211.0,184.3592,184.58,184.262,184.6,184.19,1708094400000,3123,2024-02-16 09:40:00-05:00
249,176960.0,184.1142,184.25,184.0,184.28,183.98,1708094460000,2477,2024-02-16 09:41:00-05:00
250,177950.0,183.9162,184.0,183.97,184.0,183.83,1708094520000,2171,2024-02-16 09:42:00-05:00
251,186947.0,183.8366,183.97,183.658,184.02,183.6499,1708094580000,2378,2024-02-16 09:43:00-05:00
252,189268.0,183.6036,183.6426,183.6709,183.71,183.46,1708094640000,2358,2024-02-16 09:44:00-05:00
253,164902.0,183.7403,183.67,183.81,183.82,183.66,1708094700000,1859,2024-02-16 09:45:00-05:00
254,102292.0,183.7879,183.82,183.78,183.85,183.73,1708094760000,1636,2024-02-16 09:46:00-05:00
255,156910.0,183.747,183.79,183.91,183.91,183.58,1708094820000,2044,2024-02-16 09:47:00-05:00
256,142612.0,183.6949,183.9,183.61,183.908,183.56,1708094880000,1989,2024-02-16 09:48:00-05:00
257,99555.0,183.6215,183.622,183.6392,183.7199,183.56,1708094940000,1445,2024-02-16 09:49:00-05:00
258,155149.0,183.5544,183.632,183.5201,183.65,183.45,1708095000000,1886,2024-02-16 09:50:00-05:00
259,142618.0,183.4432,183.51,183.45,183.55,183.35,1708095060000,1765,2024-02-16 09:51:00-05:00
260,138644.0,183.3219,183.4436,183.3389,183.45,183.23,1708095120000,1921,2024-02-16 09:52:00-05:00
261,92095.0,183.2829,183.34,183.37,183.37,183.22,1708095180000,1478,2024-02-16 09:53:00-05:00
262,433736.0,183.2022,183.35,182.84,183.35,182.81,1708095240000,3461,2024-02-16 09:54:00-05:00
263,205471.0,182.7121,182.85,182.6756,182.89,182.62,1708095300000,2784,2024-02-16 09:55:00-05:00
264,128466.0,182.7315,182.6601,182.6299,182.84,182.61,1708095360000,1905,2024-02-16 09:56:00-05:00
265,230578.0,182.5387,182.62,182.4808,182.64,182.4808,1708095420000,2780,2024-02-16 09:57:00-05:00
266,212958.0,182.4159,182.48,182.351,182.5,182.34,1708095480000,2513,2024-02-16 09:58:00-05:00
267,207713.0,182.3993,182.3525,182.3,182.49,182.27,1708095540000,2522,2024-02-16 09:59:00-05:00
268,446395.0,182.0724,182.3,182.1,182.33,181.86,1708095600000,6585,2024-02-16 10:00:00-05:00
269,170412.0,182.2705,182.1,182.28,182.37,182.09,1708095660000,2460,2024-02-16 10:01:00-05:00
270,202384.0,182.3106,182.265,182.22,182.4199,182.19,1708095720000,2575,2024-02-16 10:02:00-05:00
271,162533.0,182.2495,182.22,182.22,182.36,182.13,1708095780000,2160,2024-02-16 10:03:00-05:00
272,141555.0,182.2885,182.2291,182.1788,182.42,182.15,1708095840000,2030,2024-02-16 10:04:00-05:00
273,184627.0,182.1273,182.1707,181.99,182.23,181.9601,1708095900000,2601,2024-02-16 10:05:00-05:00
274,204376.0,182.0179,181.99,182.0912,182.1099,181.9701,1708095960000,2481,2024-02-16 10:06:00-05:00
275,246209.0,182.0548,182.09,182.2,182.21,181.91,1708096020000,2692,2024-02-16 10:07:00-05:00
276,197608.0,182.2924,182.22,182.396,182.4,182.18,1708096080000,2392,2024-02-16 10:08:00-05:00
277,184978.0,182.4394,182.395,182.4097,182.5,182.36,1708096140000,2283,2024-02-16 10:09:00-05:00
278,164117.0,182.361,182.4,182.35,182.42,182.31,1708096200000,1838,2024-02-16 10:10:00-05:00
279,212065.0,182.4105,182.36,182.44,182.495,182.33,1708096260000,2133,2024-02-16 10:11:00-05:00
280,122841.0,182.3779,182.45,182.32,182.485,182.295,1708096320000,1686,2024-02-16 10:12:00-05:00
281,133530.0,182.406,182.31,182.415,182.5,182.31,1708096380000,1604,2024-02-16 10:13:00-05:00
282,114992.0,182.3626,182.41,182.375,182.415,182.3089,1708096440000,1611,2024-02-16 10:14:00-05:00
283,172978.0,182.2969,182.375,182.33,182.395,182.21,1708096500000,2131,2024-02-16 10:15:00-05:00
284,127781.0,182.371,182.32,182.43,182.43,182.28,1708096560000,1697,2024-02-16 10:16:00-05:00
285,200694.0,182.5166,182.4286,182.61,182.62,182.42,1708096620000,2015,2024-02-16 10:17:00-05:00
286,125705.0,182.5804,182.61,182.56,182.645,182.51,1708096680000,2374,2024-02-16 10:18:00-05:00
287,187583.0,182.4474,182.56,182.46,182.5615,182.38,1708096740000,2702,2024-02-16 10:19:00-05:00
288,137801.0,182.4586,182.45,182.4,182.535,182.4,1708096800000,3277,2024-02-16 10:20:00-05:00
289,135906.0,182.3599,182.405,182.424,182.425,182.29,1708096860000,3534,2024-02-16 10:21:00-05:00
290,145600.0,182.3943,182.42,182.438,182.5,182.33,1708096920000,3979,2024-02-16 10:22:00-05:00
291,122488.0,182.6018,182.4,182.635,182.69,182.4,1708096980000,3845,2024-02-16 10:23:00-05:00
292,160783.0,182.5736,182.635,182.535,182.65,182.51,1708097040000,4227,2024-02-16 10:24:00-05:00
293,121086.0,182.4986,182.54,182.62,182.62,182.42,1708097100000,4105,2024-02-16 10:25:00-05:00
294,97203.0,182.5557,182.62,182.45,182.64,182.45,1708097160000,4008,2024-02-16 10:26:00-05:00
295,89666.0,182.5226,182.46,182.505,182.5789,182.45,1708097220000,3784,2024-02-16 10:27:00-05:00
296,91396.0,182.4848,182.51,182.51,182.52,182.43,1708097280000,3623,2024-02-16 10:28:00-05:00
297,85565.0,182.5448,182.515,182.545,182.59,182.49,1708097340000,3636,2024-02-16 10:29:00-05:00
298,114140.0,182.602,182.55,182.6,182.65,182.48,1708097400000,3906,2024-02-16 10:30:00-05:00
299,108782.0,182.521,182.61,182.51,182.62,182.46,1708097460000,4035,2024-02-16 10:31:00-05:00
300,143212.0,182.5257,182.515,182.545,182.63,182.42,1708097520000,4225,2024-02-16 10:32:00-05:00
301,132043.0,182.6276,182.545,182.6891,182.71,182.53,1708097580000,3828,2024-02-16 10:33:00-05:00
302,157610.0,182.7422,182.68,182.696,182.785,182.67,1708097640000,3928,2024-02-16 10:34:00-05:00
303,141693.0,182.6679,182.7,182.69,182.74,182.58,1708097700000,3917,2024-02-16 10:35:00-05:00
304,158814.0,182.8225,182.695,182.9,182.916,182.6901,1708097760000,3919,2024-02-16 10:36:00-05:00
305,144144.0,182.9994,182.9,183.045,183.09,182.89,1708097820000,3744,2024-02-16 10:37:00-05:00
306,157496.0,183.1164,183.045,183.12,183.16,183.04,1708097880000,3528,2024-02-16 10:38:00-05:00
307,165292.0,183.2207,183.12,183.345,183.345,183.11,1708097940000,3457,2024-02-16 10:39:00-05:00
308,139883.0,183.2836,183.33,183.27,183.36,183.21,1708098000000,3440,2024-02-16 10:40:00-05:00
309,109110.0,183.2202,183.265,183.18,183.3,183.161,1708098060000,2918,2024-02-16 10:41:00-05:00
310,127946.0,183.0669,183.18,182.9617,183.19,182.94,1708098120000,3687,2024-02-16 10:42:00-05:00
311,105804.0,182.9678,182.96,182.93,183.005,182.9146,1708098180000,3197,2024-02-16 10:43:00-05:00
312,95284.0,182.8228,182.92,182.7719,182.94,182.7403,1708098240000,2849,2024-02-16 10:44:00-05:00
313,102257.0,182.8246,182.78,182.7763,182.888,182.74,1708098300000,2967,2024-02-16 10:45:00-05:00
314,90240.0,182.7834,182.775,182.81,182.8225,182.745,1708098360000,2737,2024-02-16 10:46:00-05:00
315,102841.0,182.8348,182.8166,182.895,182.91,182.78,1708098420000,2408,2024-02-16 10:47:00-05:00
316,102669.0,182.8258,182.8998,182.71,182.92,182.7,1708098480000,2749,2024-02-16 10:48:00-05:00
317,124510.0,182.7492,182.705,182.76,182.81,182.66,1708098540000,2758,2024-02-16 10:49:00-05:00
318,91686.0,182.8184,182.77,182.89,182.89,182.76,1708098600000,2546,2024-02-16 10:50:00-05:00
319,101569.0,182.8927,182.9,182.91,182.9216,182.835,1708098660000,2430,2024-02-16 10:51:00-05:00
320,132122.0,182.8824,182.905,182.845,183.13,182.8101,1708098720000,2858,2024-02-16 10:52:00-05:00
321,92916.0,182.9982,182.85,183.04,183.07,182.85,1708098780000,3469,2024-02-16 10:53:00-05:00
322,115302.0,183.0846,183.0301,183.1781,183.1781,183.02,1708098840000,3046,2024-02-16 10:54:00-05:00
323,87355.0,182.9963,183.17,182.91,183.17,182.9,1708098900000,3053,2024-02-16 10:55:00-05:00
324,84337.0,182.8408,182.9,182.911,182.911,182.765,1708098960000,2528,2024-02-16 10:56:00-05:00
325,102632.0,182.9222,182.91,182.86,182.9801,182.85,1708099020000,2620,2024-02-16 10:57:00-05:00
326,65662.0,182.9438,182.87,182.91,182.99,182.87,1708099080000,2393,2024-02-16 10:58:00-05:00
327,85560.0,182.9761,182.91,183.0599,183.06,182.91,1708099140000,2688,2024-02-16 10:59:00-05:00
328,99967.0,183.0111,183.06,183.0799,183.09,182.94,1708099200000,3322,2024-02-16 11:00:00-05:00
329,73899.0,183.0584,183.075,183.02,183.11,182.9949,1708099260000,3399,2024-02-16 11:01:00-05:00
330,139219.0,182.9545,183.02,182.945,183.0274,182.84,1708099320000,3966,2024-02-16 11:02:00-05:00
331,73945.0,183.036,182.94,183.126,183.14,182.94,1708099380000,3529,2024-02-16 11:03:00-05:00
332,78240.0,183.1116,183.13,183.125,183.155,183.06,1708099440000,3317,2024-02-16 11:04:00-05:00
333,113588.0,183.1436,183.13,183.0618,183.209,183.03,1708099500000,3677,2024-02-16 11:05:00-05:00
334,81690.0,183.081,183.07,183.1,183.125,183.05,1708099560000,3474,2024-02-16 11:06:00-05:00
335,52337.0,183.0956,183.105,183.1,183.15,183.04,1708099620000,3328,2024-02-16 11:07:00-05:00
336,65187.0,183.1696,183.11,183.205,183.23,183.105,1708099680000,3346,2024-02-16 11:08:00-05:00
337,54880.0,183.2085,183.205,183.22,183.24,183.19,1708099740000,3163,2024-02-16 11:09:00-05:00
338,75097.0,183.1818,183.2182,183.1601,183.23,183.14,1708099800000,3427,2024-02-16 11:10:00-05:00
339,84639.0,183.1841,183.165,183.12,183.2382,183.12,1708099860000,3160,2024-02-16 11:11:00-05:00
340,78143.0,183.1613,183.14,183.2,183.23,183.1,1708099920000,3133,2024-02-16 11:12:00-05:00
341,56342.0,183.1644,183.21,183.125,183.21,183.12,1708099980000,2751,2024-02-16 11:13:00-05:00
342,54675.0,183.1988,183.12,183.2489,183.25,183.12,1708100040000,2543,2024-02-16 11:14:00-05:00
343,93696.0,183.2448,183.249,183.23,183.2686,183.205,1708100100000,2110,2024-02-16 11:15:00-05:00
344,70932.0,183.2295,183.23,183.275,183.2791,183.2,1708100160000,2131,2024-02-16 11:16:00-05:00
345,189490.0,183.2804,183.27,183.355,183.37,183.27,1708100220000,2781,2024-02-16 11:17:00-05:00
346,115680.0,183.3949,183.36,183.3447,183.42,183.33,1708100280000,2894,2024-02-16 11:18:00-05:00
347,75633.0,183.2624,183.345,183.3,183.37,183.21,1708100340000,2089,2024-02-16 11:19:00-05:00
348,78595.0,183.3797,183.3,183.435,183.44,183.29,1708100400000,1129,2024-02-16 11:20:00-05:00
349,92278.0,183.345,183.43,183.28,183.4473,183.26,1708100460000,1187,2024-02-16 11:21:00-05:00
350,85554.0,183.2416,183.28,183.18,183.3,183.16,1708100520000,1239,2024-02-16 11:22:00-05:00
351,93744.0,183.1901,183.1883,183.21,183.24,183.14,1708100580000,886,2024-02-16 11:23:00-05:00
352,45843.0,183.1959,183.224,183.231,183.24,183.16,1708100640000,715,2024-02-16 11:24:00-05:00
353,87324.0,183.1853,183.24,183.13,183.2675,183.12,1708100700000,1159,2024-02-16 11:25:00-05:00
354,60515.0,183.1363,183.1308,183.155,183.17,183.1,1708100760000,924,2024-02-16 11:26:00-05:00
355,46066.0,183.1573,183.155,183.17,183.185,183.125,1708100820000,747,2024-02-16 11:27:00-05:00
356,40679.0,183.1475,183.165,183.133,183.18,183.115,1708100880000,618,2024-02-16 11:28:00-05:00
357,94257.0,183.1254,183.13,183.15,183.15,183.09,1708100940000,846,2024-02-16 11:29:00-05:00
358,82200.0,183.2067,183.155,183.19,183.2599,183.155,1708101000000,986,2024-02-16 11:30:00-05:00
359,63830.0,183.1451,183.2,183.105,183.2,183.105,1708101060000,799,2024-02-16 11:31:00-05:00
360,137154.0,183.214,183.11,183.205,183.29,183.105,1708101120000,1208,2024-02-16 11:32:00-05:00
361,56432.0,183.1054,183.2,183.09,183.205,183.07,1708101180000,865,2024-02-16 11:33:00-05:00
362,45460.0,183.0924,183.0902,183.07,183.115,183.07,1708101240000,684,2024-02-16 11:34:00-05:00
363,103224.0,182.9984,183.07,182.9201,183.07,182.9,1708101300000,1544,2024-02-16 11:35:00-05:00
364,69616.0,183.0258,182.9299,183.085,183.13,182.9,1708101360000,945,2024-02-16 11:36:00-05:00
365,63765.0,182.9976,183.0801,182.9878,183.0801,182.95,1708101420000,902,2024-02-16 11:37:00-05:00
366,46323.0,182.971,182.9884,182.99,182.995,182.94,1708101480000,773,2024-02-16 11:38:00-05:00
367,46151.0,182.9903,182.98,182.98,183.0,182.965,1708101540000,737,2024-02-16 11:39:00-05:00
368,52934.0,183.0508,182.98,183.043,183.1081,182.97,1708101600000,839,2024-02-16 11:40:00-05:00
369,38288.0,182.9974,183.0499,182.965,183.05,182.96,1708101660000,750,2024-02-16 11:41:00-05:00
370,88441.0,182.9829,182.965,182.995,183.06,182.93,1708101720000,1355,2024-02-16 11:42:00-05:00
371,47840.0,182.9848,182.99,182.9899,183.01,182.94,1708101780000,860,2024-02-16 11:43:00-05:00
372,56775.0,182.9738,183.0,182.96,183.0,182.94,1708101840000,719,2024-02-16 11:44:00-05:00
373,59432.0,183.0037,182.9601,182.984,183.05,182.9601,1708101900000,722,2024-02-16 11:45:00-05:00
374,42497.0,182.967,182.98,182.95,182.99,182.9421,1708101960000,618,2024-02-16 11:46:00-05:00
375,54920.0,182.9411,182.955,182.915,182.97,182.915,1708102020000,746,2024-02-16 11:47:00-05:00
376,117834.0,182.9992,182.911,182.871,182.92,182.85,1708102080000,799,2024-02-16 11:48:00-05:00
377,67241.0,182.9113,182.87,182.9499,182.9499,182.8501,1708102140000,847,2024-02-16 11:49:00-05:00
378,81411.0,182.9591,182.95,182.98,183.0,182.9,1708102200000,958,2024-02-16 11:50:00-05:00
379,84632.0,182.9949,182.98,182.99,183.035,182.9525,1708102260000,1156,2024-02-16 11:51:00-05:00
380,60745.0,182.9717,183.0,183.005,183.01,182.9,1708102320000,914,2024-02-16 11:52:00-05:00
381,55783.0,183.0431,183.0099,183.065,183.08,183.0,1708102380000,790,2024-02-16 11:53:00-05:00
382,57918.0,183.0777,183.0645,183.07,183.11,183.05,1708102440000,730,2024-02-16 11:54:00-05:00
383,56722.0,183.0911,183.08,183.1285,183.13,183.05,1708102500000,667,2024-02-16 11:55:00-05:00
384,56617.0,183.1114,183.1299,183.1299,183.15,183.06,1708102560000,809,2024-02-16 11:56:00-05:00
385,67102.0,183.183,183.125,183.2,183.2,183.12,1708102620000,945,2024-02-16 11:57:00-05:00
386,44976.0,183.1847,183.1901,183.19,183.2,183.16,1708102680000,618,2024-02-16 11:58:00-05:00
387,56412.0,183.1332,183.1849,183.1,183.19,183.0999,1708102740000,805,2024-02-16 11:59:00-05:00
388,82603.0,183.0409,183.09,183.0321,183.097,183.0,1708102800000,979,2024-02-16 12:00:00-05:00
389,56807.0,183.0512,183.05,183.025,183.09,183.01,1708102860000,858,2024-02-16 12:01:00-05:00
390,38320.0,183.0495,183.02,183.0584,183.085,183.015,1708102920000,586,2024-02-16 12:02:00-05:00
391,47097.0,183.0752,183.055,183.075,183.12,183.035,1708102980000,637,2024-02-16 12:03:00-05:00
392,53870.0,183.1086,183.0868,183.1332,183.15,183.0601,1708103040000,623,2024-02-16 12:04:00-05:00
393,79936.0,183.0275,183.13,182.9999,183.13,182.96,1708103100000,905,2024-02-16 12:05:00-05:00
394,35708.0,183.0196,183.0,183.025,183.04,182.9966,1708103160000,558,2024-02-16 12:06:00-05:00
395,44295.0,183.02,183.04,183.039,183.04,183.0,1708103220000,585,2024-02-16 12:07:00-05:00
396,60698.0,183.0038,183.03,183.005,183.03,182.98,1708103280000,715,2024-02-16 12:08:00-05:00
397,36712.0,182.9766,183.0,182.969,183.03,182.94,1708103340000,622,2024-02-16 12:09:00-05:00
398,58501.0,182.9454,182.97,182.905,182.985,182.8901,1708103400000,861,2024-02-16 12:10:00-05:00
399,82153.0,182.9043,182.91,182.9,182.94,182.86,1708103460000,944,2024-02-16 12:11:00-05:00
400,45458.0,182.8775,182.895,182.91,182.91,182.83,1708103520000,662,2024-02-16 12:12:00-05:00
401,41106.0,182.8876,182.92,182.8799,182.93,182.85,1708103580000,559,2024-02-16 12:13:00-05:00
402,38931.0,182.8642,182.8799,182.84,182.91,182.83,1708103640000,587,2024-02-16 12:14:00-05:00
403,108436.0,182.8161,182.84,182.76,182.84,182.76,1708103700000,1181,2024-02-16 12:15:00-05:00
404,80864.0,182.7553,182.7588,182.8,182.8057,182.72,1708103760000,894,2024-02-16 12:16:00-05:00
405,43511.0,182.7931,182.81,182.75,182.83,182.75,1708103820000,621,2024-02-16 12:17:00-05:00
406,35883.0,182.7787,182.76,182.805,182.815,182.735,1708103880000,582,2024-02-16 12:18:00-05:00
407,44855.0,182.7923,182.8,182.77,182.83,182.7601,1708103940000,628,2024-02-16 12:19:00-05:00
408,61362.0,182.7473,182.7799,182.7525,182.78,182.72,1708104000000,679,2024-02-16 12:20:00-05:00
409,41104.0,182.7645,182.75,182.76,182.79,182.74,1708104060000,579,2024-02-16 12:21:00-05:00
410,37521.0,182.788,182.77,182.815,182.83,182.76,1708104120000,515,2024-02-16 12:22:00-05:00
411,87679.0,182.8662,182.8187,182.88,182.9,182.8187,1708104180000,907,2024-02-16 12:23:00-05:00
412,46227.0,182.9074,182.8801,182.9632,182.98,182.86,1708104240000,597,2024-02-16 12:24:00-05:00
413,44472.0,182.9121,182.965,182.92,182.9699,182.861,1708104300000,612,2024-02-16 12:25:00-05:00
414,31995.0,182.9128,182.92,182.8799,182.955,182.8601,1708104360000,538,2024-02-16 12:26:00-05:00
415,43449.0,182.841,182.88,182.8401,182.88,182.8001,1708104420000,629,2024-02-16 12:27:00-05:00
416,57981.0,182.9321,182.8399,182.9731,182.99,182.8301,1708104480000,636,2024-02-16 12:28:00-05:00
417,32808.0,182.9438,182.9744,182.9401,182.9799,182.9102,1708104540000,491,2024-02-16 12:29:00-05:00
418,40902.0,182.9229,182.95,182.94,182.97,182.885,1708104600000,548,2024-02-16 12:30:00-05:00
419,67503.0,182.9726,182.931,182.995,183.01,182.9227,1708104660000,826,2024-02-16 12:31:00-05:00
420,43260.0,182.9628,182.9922,182.91,183.0,182.89,1708104720000,598,2024-02-16 12:32:00-05:00
421,41640.0,182.9145,182.908,182.93,182.9375,182.89,1708104780000,420,2024-02-16 12:33:00-05:00
422,61117.0,182.9193,182.923,182.939,182.97,182.88,1708104840000,751,2024-02-16 12:34:00-05:00
423,39289.0,182.9484,182.93,182.92,182.98,182.915,1708104900000,583,2024-02-16 12:35:00-05:00
424,26494.0,182.9207,182.91,182.95,182.96,182.885,1708104960000,507,2024-02-16 12:36:00-05:00
425,52975.0,182.8772,182.9499,182.87,182.951,182.84,1708105020000,548,2024-02-16 12:37:00-05:00
426,36683.0,182.8784,182.87,182.87,182.912,182.85,1708105080000,421,2024-02-16 12:38:00-05:00
427,32008.0,182.8911,182.8771,182.8838,182.9135,182.87,1708105140000,493,2024-02-16 12:39:00-05:00
428,46129.0,182.8468,182.8801,182.8542,182.89,182.8315,1708105200000,591,2024-02-16 12:40:00-05:00
429,45260.0,182.8518,182.84,182.8408,182.88,182.82,1708105260000,604,2024-02-16 12:41:00-05:00
430,22662.0,182.8715,182.84,182.87,182.89,182.84,1708105320000,436,2024-02-16 12:42:00-05:00
431,36103.0,182.8523,182.875,182.86,182.8859,182.82,1708105380000,520,2024-02-16 12:43:00-05:00
432,22878.0,182.8511,182.865,182.86,182.87,182.83,1708105440000,416,2024-02-16 12:44:00-05:00
433,29971.0,182.8335,182.85,182.83,182.85,182.82,1708105500000,557,2024-02-16 12:45:00-05:00
434,40456.0,182.845,182.84,182.83,182.88,182.81,1708105560000,670,2024-02-16 12:46:00-05:00
435,43345.0,182.8549,182.821,182.8801,182.89,182.812,1708105620000,465,2024-02-16 12:47:00-05:00
436,42348.0,182.9033,182.88,182.9132,182.9299,182.8628,1708105680000,541,2024-02-16 12:48:00-05:00
437,37060.0,182.9272,182.9122,182.96,182.96,182.9,1708105740000,560,2024-02-16 12:49:00-05:00
438,34568.0,182.9439,182.9501,182.94,182.96,182.923,1708105800000,518,2024-02-16 12:50:00-05:00
439,55176.0,182.8932,182.9346,182.865,182.935,182.85,1708105860000,697,2024-02-16 12:51:00-05:00
440,45578.0,182.865,182.87,182.865,182.89,182.85,1708105920000,509,2024-02-16 12:52:00-05:00
441,44983.0,182.8406,182.88,182.825,182.88,182.81,1708105980000,509,2024-02-16 12:53:00-05:00
442,86063.0,182.8151,182.823,182.83,182.87,182.8181,1708106040000,431,2024-02-16 12:54:00-05:00
443,36723.0,182.8102,182.825,182.8175,182.83,182.79,1708106100000,549,2024-02-16 12:55:00-05:00
444,65070.0,182.7633,182.81,182.7698,182.81,182.7217,1708106160000,942,2024-02-16 12:56:00-05:00
445,49760.0,182.727,182.776,182.6915,182.776,182.68,1708106220000,743,2024-02-16 12:57:00-05:00
446,69338.0,182.7249,182.6973,182.7,182.77,182.69,1708106280000,851,2024-02-16 12:58:00-05:00
447,63029.0,182.6887,182.7,182.74,182.75,182.635,1708106340000,750,2024-02-16 12:59:00-05:00
448,25539.0,182.7249,182.7314,182.705,182.74,182.7,1708106400000,458,2024-02-16 13:00:00-05:00
449,97645.0,182.6295,182.7,182.6382,182.7,182.581,1708106460000,1114,2024-02-16 13:01:00-05:00
450,96629.0,182.6205,182.64,182.61,182.65,182.605,1708106520000,613,2024-02-16 13:02:00-05:00
451,86199.0,182.6019,182.6,182.6,182.628,182.575,1708106580000,794,2024-02-16 13:03:00-05:00
452,60505.0,182.6195,182.61,182.61,182.66,182.59,1708106640000,682,2024-02-16 13:04:00-05:00
453,53458.0,182.5559,182.59,182.535,182.605,182.52,1708106700000,765,2024-02-16 13:05:00-05:00
454,66458.0,182.584,182.535,182.58,182.62,182.53,1708106760000,738,2024-02-16 13:06:00-05:00
455,76636.0,182.6035,182.57,182.58,182.64,182.56,1708106820000,842,2024-02-16 13:07:00-05:00
456,51558.0,182.6007,182.58,182.63,182.63,182.5798,1708106880000,805,2024-02-16 13:08:00-05:00
457,62167.0,182.6377,182.63,182.605,182.66,182.595,1708106940000,1098,2024-02-16 13:09:00-05:00
458,48565.0,182.6068,182.6,182.58,182.658,182.58,1708107000000,709,2024-02-16 13:10:00-05:00
459,127979.0,182.5175,182.59,182.5201,182.59,182.48,1708107060000,1484,2024-02-16 13:11:00-05:00
460,50914.0,182.5318,182.52,182.535,182.55,182.505,1708107120000,771,2024-02-16 13:12:00-05:00
461,64459.0,182.5916,182.535,182.61,182.64,182.535,1708107180000,890,2024-02-16 13:13:00-05:00
462,45591.0,182.5911,182.595,182.575,182.6181,182.5712,1708107240000,688,2024-02-16 13:14:00-05:00
463,49468.0,182.604,182.57,182.64,182.64,182.56,1708107300000,653,2024-02-16 13:15:00-05:00
464,56439.0,182.6392,182.64,182.65,182.6685,182.61,1708107360000,623,2024-02-16 13:16:00-05:00
465,46161.0,182.6637,182.655,182.65,182.69,182.6371,1708107420000,602,2024-02-16 13:17:00-05:00
466,55563.0,182.6122,182.645,182.6301,182.655,182.58,1708107480000,620,2024-02-16 13:18:00-05:00
467,37463.0,182.5991,182.62,182.555,182.6399,182.555,1708107540000,615,2024-02-16 13:19:00-05:00
468,39023.0,182.5708,182.545,182.5783,182.5915,182.54,1708107600000,493,2024-02-16 13:20:00-05:00
469,53893.0,182.5923,182.575,182.58,182.615,182.55,1708107660000,618,2024-02-16 13:21:00-05:00
470,62216.0,182.6004,182.57,182.615,182.62,182.56,1708107720000,848,2024-02-16 13:22:00-05:00
471,47136.0,182.6398,182.62,182.655,182.66,182.615,1708107780000,731,2024-02-16 13:23:00-05:00
472,95609.0,182.7257,182.66,182.76,182.76,182.66,1708107840000,1189,2024-02-16 13:24:00-05:00
473,60944.0,182.771,182.76,182.79,182.82,182.7399,1708107900000,764,2024-02-16 13:25:00-05:00
474,35272.0,182.7566,182.795,182.765,182.8,182.73,1708107960000,538,2024-02-16 13:26:00-05:00
475,47159.0,182.7423,182.76,182.755,182.77,182.71,1708108020000,616,2024-02-16 13:27:00-05:00
476,36231.0,182.7319,182.76,182.7101,182.76,182.705,1708108080000,550,2024-02-16 13:28:00-05:00
477,38707.0,182.6848,182.715,182.65,182.72,182.645,1708108140000,547,2024-02-16 13:29:00-05:00
478,44480.0,182.6975,182.657,182.7,182.72,182.651,1708108200000,758,2024-02-16 13:30:00-05:00
479,64426.0,182.7031,182.695,182.7099,182.73,182.69,1708108260000,881,2024-02-16 13:31:00-05:00
480,76263.0,182.6381,182.705,182.62,182.705,182.59,1708108320000,1046,2024-02-16 13:32:00-05:00
481,49459.0,182.6028,182.63,182.5932,182.63,182.58,1708108380000,717,2024-02-16 13:33:00-05:00
482,98969.0,182.53,182.59,182.5,182.59,182.49,1708108440000,1298,2024-02-16 13:34:00-05:00
483,90935.0,182.5162,182.495,182.53,182.55,182.49,1708108500000,1078,2024-02-16 13:35:00-05:00
484,34915.0,182.525,182.54,182.525,182.5419,182.5,1708108560000,626,2024-02-16 13:36:00-05:00
485,34187.0,182.5382,182.52,182.525,182.5575,182.51,1708108620000,561,2024-02-16 13:37:00-05:00
486,62819.0,182.5245,182.525,182.51,182.56,182.4932,1708108680000,749,2024-02-16 13:38:00-05:00
487,47596.0,182.5456,182.53,182.58,182.58,182.51,1708108740000,595,2024-02-16 13:39:00-05:00
488,95549.0,182.5434,182.58,182.52,182.59,182.51,1708108800000,1113,2024-02-16 13:40:00-05:00
489,75616.0,182.5084,182.52,182.51,182.5501,182.49,1708108860000,870,2024-02-16 13:41:00-05:00
490,55063.0,182.5318,182.5121,182.494,182.58,182.494,1708108920000,734,2024-02-16 13:42:00-05:00
491,122160.0,182.5272,182.5,182.5,182.61,182.485,1708108980000,1212,2024-02-16 13:43:00-05:00
492,80776.0,182.5094,182.5,182.53,182.55,182.485,1708109040000,844,2024-02-16 13:44:00-05:00
493,59160.0,182.5759,182.54,182.585,182.59,182.54,1708109100000,635,2024-02-16 13:45:00-05:00
494,53056.0,182.6062,182.59,182.6202,182.63,182.58,1708109160000,581,2024-02-16 13:46:00-05:00
495,39959.0,182.5949,182.625,182.55,182.64,182.545,1708109220000,587,2024-02-16 13:47:00-05:00
496,43113.0,182.5568,182.55,182.58,182.58,182.535,1708109280000,592,2024-02-16 13:48:00-05:00
497,32131.0,182.5829,182.585,182.5728,182.6,182.5613,1708109340000,458,2024-02-16 13:49:00-05:00
498,139288.0,182.5944,182.575,182.58,182.6,182.56,1708109400000,513,2024-02-16 13:50:00-05:00
499,52169.0,182.6006,182.5829,182.63,182.64,182.5801,1708109460000,631,2024-02-16 13:51:00-05:00
500,27359.0,182.615,182.63,182.635,182.645,182.59,1708109520000,467,2024-02-16 13:52:00-05:00
501,67275.0,182.6675,182.635,182.67,182.714,182.63,1708109580000,708,2024-02-16 13:53:00-05:00
502,34801.0,182.6712,182.665,182.6972,182.7,182.6327,1708109640000,497,2024-02-16 13:54:00-05:00
503,54889.0,182.6947,182.7,182.67,182.72,182.67,1708109700000,734,2024-02-16 13:55:00-05:00
504,58130.0,182.7084,182.6785,182.71,182.73,182.6785,1708109760000,705,2024-02-16 13:56:00-05:00
505,43232.0,182.7023,182.715,182.71,182.72,182.68,1708109820000,723,2024-02-16 13:57:00-05:00
506,135505.0,182.7489,182.714,182.79,182.8,182.695,1708109880000,1433,2024-02-16 13:58:00-05:00
507,75617.0,182.8464,182.795,182.8972,182.91,182.785,1708109940000,879,2024-02-16 13:59:00-05:00
508,90096.0,182.9512,182.9,183.0,183.01,182.9,1708110000000,1113,2024-02-16 14:00:00-05:00
509,79349.0,183.0239,182.9913,183.04,183.055,182.98,1708110060000,803,2024-02-16 14:01:00-05:00
510,101710.0,183.0546,183.035,183.08,183.125,183.01,1708110120000,887,2024-02-16 14:02:00-05:00
511,81914.0,183.0867,183.075,183.0653,183.1299,183.04,1708110180000,775,2024-02-16 14:03:00-05:00
512,37843.0,183.062,183.07,183.025,183.09,183.025,1708110240000,569,2024-02-16 14:04:00-05:00
513,38392.0,183.0365,183.025,183.06,183.06,183.015,1708110300000,625,2024-02-16 14:05:00-05:00
514,54748.0,183.0584,183.06,183.09,183.1,183.01,1708110360000,785,2024-02-16 14:06:00-05:00
515,45096.0,183.053,183.0916,183.0088,183.1,183.0,1708110420000,607,2024-02-16 14:07:00-05:00
516,27614.0,183.0454,183.01,183.0518,183.06,183.01,1708110480000,475,2024-02-16 14:08:00-05:00
517,78190.0,183.0715,183.06,183.07,183.1,183.05,1708110540000,767,2024-02-16 14:09:00-05:00
518,75466.0,183.0786,183.06,183.09,183.1,183.06,1708110600000,723,2024-02-16 14:10:00-05:00
519,33978.0,183.0679,183.085,183.07,183.105,183.04,1708110660000,507,2024-02-16 14:11:00-05:00
520,34173.0,183.0536,183.07,183.055,183.0799,183.03,1708110720000,452,2024-02-16 14:12:00-05:00
521,38853.0,183.0608,183.06,183.0507,183.07,183.05,1708110780000,462,2024-02-16 14:13:00-05:00
522,55285.0,183.0164,183.0569,182.995,183.06,182.981,1708110840000,627,2024-02-16 14:14:00-05:00
523,39230.0,182.9978,182.99,183.0001,183.01,182.9829,1708110900000,566,2024-02-16 14:15:00-05:00
524,35718.0,182.9907,183.0,182.985,183.01,182.9701,1708110960000,504,2024-02-16 14:16:00-05:00
525,57787.0,183.0099,182.9853,182.9913,183.02,182.985,1708111020000,682,2024-02-16 14:17:00-05:00
526,35609.0,182.975,182.9913,182.94,183.0,182.93,1708111080000,540,2024-02-16 14:18:00-05:00
527,34031.0,182.9637,182.94,182.98,182.98,182.9368,1708111140000,544,2024-02-16 14:19:00-05:00
528,26894.0,182.9562,182.98,182.975,182.983,182.93,1708111200000,510,2024-02-16 14:20:00-05:00
529,51506.0,182.9818,182.98,183.0,183.0,182.95,1708111260000,534,2024-02-16 14:21:00-05:00
530,79751.0,183.0069,183.0,182.99,183.03,182.983,1708111320000,891,2024-02-16 14:22:00-05:00
531,45175.0,182.9718,182.9875,183.01,183.01,182.93,1708111380000,646,2024-02-16 14:23:00-05:00
532,40433.0,183.0283,183.01,183.065,183.07,183.0,1708111440000,507,2024-02-16 14:24:00-05:00
533,49499.0,183.0578,183.067,183.0777,183.08,183.03,1708111500000,572,2024-02-16 14:25:00-05:00
534,44714.0,183.106,183.07,183.14,183.15,183.05,1708111560000,550,2024-02-16 14:26:00-05:00
535,42448.0,183.1259,183.1402,183.11,183.155,183.0912,1708111620000,676,2024-02-16 14:27:00-05:00
536,49984.0,183.1355,183.115,183.173,183.18,183.105,1708111680000,566,2024-02-16 14:28:00-05:00
537,47364.0,183.1579,183.1775,183.143,183.1799,183.14,1708111740000,555,2024-02-16 14:29:00-05:00
538,88527.0,183.1781,183.1488,183.19,183.1975,183.1488,1708111800000,832,2024-02-16 14:30:00-05:00
539,56250.0,183.1481,183.19,183.164,183.19,183.13,1708111860000,675,2024-02-16 14:31:00-05:00
540,54851.0,183.1309,183.17,183.1,183.19,183.06,1708111920000,784,2024-02-16 14:32:00-05:00
541,62768.0,183.0503,183.1,183.07,183.11,183.01,1708111980000,804,2024-02-16 14:33:00-05:00
542,66275.0,183.0724,183.07,183.1299,183.13,183.03,1708112040000,703,2024-02-16 14:34:00-05:00
543,53947.0,183.1464,183.12,183.1601,183.17,183.12,1708112100000,686,2024-02-16 14:35:00-05:00
544,46258.0,183.1146,183.145,183.095,183.146,183.09,1708112160000,543,2024-02-16 14:36:00-05:00
545,51583.0,183.068,183.098,183.045,183.12,183.015,1708112220000,685,2024-02-16 14:37:00-05:00
546,80961.0,183.0846,183.05,183.095,183.15,183.02,1708112280000,941,2024-02-16 14:38:00-05:00
547,49048.0,183.0675,183.095,183.05,183.1,183.05,1708112340000,479,2024-02-16 14:39:00-05:00
548,51709.0,183.0658,183.06,183.09,183.09,183.05,1708112400000,643,2024-02-16 14:40:00-05:00
549,53109.0,183.0524,183.08,183.0599,183.08,183.03,1708112460000,574,2024-02-16 14:41:00-05:00
550,42664.0,183.0414,183.05,183.0401,183.075,183.015,1708112520000,550,2024-02-16 14:42:00-05:00
551,47751.0,183.0593,183.045,183.085,183.095,183.03,1708112580000,585,2024-02-16 14:43:00-05:00
552,37272.0,183.0697,183.0832,183.0698,183.1,183.045,1708112640000,529,2024-02-16 14:44:00-05:00
553,83239.0,182.9881,183.065,182.8585,183.08,182.8585,1708112700000,1232,2024-02-16 14:45:00-05:00
554,122225.0,182.7542,182.85,182.76,182.85,182.695,1708112760000,1470,2024-02-16 14:46:00-05:00
555,154083.0,182.5011,182.765,182.3,182.77,182.295,1708112820000,2484,2024-02-16 14:47:00-05:00
556,225586.0,182.3004,182.3,182.38,182.46,182.16,1708112880000,2798,2024-02-16 14:48:00-05:00
557,80594.0,182.3647,182.3979,182.34,182.4287,182.3211,1708112940000,937,2024-02-16 14:49:00-05:00
558,124789.0,182.2276,182.335,182.2,182.335,182.1837,1708113000000,1327,2024-02-16 14:50:00-05:00
559,73810.0,182.2439,182.2,182.225,182.28,182.18,1708113060000,942,2024-02-16 14:51:00-05:00
560,58476.0,182.1947,182.2264,182.17,182.24,182.16,1708113120000,872,2024-02-16 14:52:00-05:00
561,73545.0,182.1252,182.165,182.13,182.17,182.09,1708113180000,1151,2024-02-16 14:53:00-05:00
562,98055.0,182.1414,182.1299,182.104,182.21,182.0715,1708113240000,1389,2024-02-16 14:54:00-05:00
563,115773.0,182.0679,182.095,182.095,182.1,182.03,1708113300000,1482,2024-02-16 14:55:00-05:00
564,73749.0,182.0754,182.09,182.115,182.1238,182.0415,1708113360000,870,2024-02-16 14:56:00-05:00
565,95609.0,182.111,182.115,182.085,182.15,182.07,1708113420000,1008,2024-02-16 14:57:00-05:00
566,57938.0,182.0771,182.09,182.1,182.11,182.0416,1708113480000,868,2024-02-16 14:58:00-05:00
567,68327.0,182.1701,182.115,182.1999,182.215,182.11,1708113540000,844,2024-02-16 14:59:00-05:00
568,82024.0,182.2203,182.19,182.33,182.33,182.135,1708113600000,1070,2024-02-16 15:00:00-05:00
569,91443.0,182.2592,182.3139,182.2672,182.32,182.21,1708113660000,1050,2024-02-16 15:01:00-05:00
570,65402.0,182.2599,182.27,182.275,182.32,182.1914,1708113720000,932,2024-02-16 15:02:00-05:00
571,69101.0,182.3063,182.27,182.3499,182.35,182.26,1708113780000,860,2024-02-16 15:03:00-05:00
572,67676.0,182.2975,182.35,182.26,182.36,182.245,1708113840000,777,2024-02-16 15:04:00-05:00
573,68232.0,182.3036,182.2598,182.2725,182.34,182.24,1708113900000,825,2024-02-16 15:05:00-05:00
574,51953.0,182.2824,182.28,182.2888,182.325,182.225,1708113960000,715,2024-02-16 15:06:00-05:00
575,75546.0,182.2811,182.28,182.28,182.32,182.26,1708114020000,813,2024-02-16 15:07:00-05:00
576,58893.0,182.2275,182.28,182.2401,182.28,182.19,1708114080000,870,2024-02-16 15:08:00-05:00
577,61055.0,182.218,182.25,182.2417,182.26,182.18,1708114140000,783,2024-02-16 15:09:00-05:00
578,66847.0,182.2492,182.235,182.1924,182.2787,182.19,1708114200000,797,2024-02-16 15:10:00-05:00
579,81494.0,182.161,182.1917,182.155,182.1917,182.13,1708114260000,1031,2024-02-16 15:11:00-05:00
580,60653.0,182.1537,182.1668,182.154,182.18,182.12,1708114320000,755,2024-02-16 15:12:00-05:00
581,71450.0,182.1995,182.155,182.22,182.24,182.14,1708114380000,881,2024-02-16 15:13:00-05:00
582,51971.0,182.1856,182.22,182.19,182.224,182.155,1708114440000,676,2024-02-16 15:14:00-05:00
583,69533.0,182.1895,182.19,182.171,182.215,182.16,1708114500000,840,2024-02-16 15:15:00-05:00
584,61000.0,182.1946,182.175,182.225,182.225,182.165,1708114560000,775,2024-02-16 15:16:00-05:00
585,81834.0,182.1974,182.2219,182.12,182.25,182.11,1708114620000,979,2024-02-16 15:17:00-05:00
586,99536.0,182.13,182.13,182.156,182.18,182.08,1708114680000,1212,2024-02-16 15:18:00-05:00
587,64495.0,182.1896,182.155,182.195,182.21,182.155,1708114740000,650,2024-02-16 15:19:00-05:00
588,76323.0,182.2215,182.195,182.2575,182.27,182.185,1708114800000,1023,2024-02-16 15:20:00-05:00
589,81129.0,182.2597,182.2562,182.23,182.31,182.2,1708114860000,911,2024-02-16 15:21:00-05:00
590,68737.0,182.2538,182.22,182.3,182.316,182.17,1708114920000,889,2024-02-16 15:22:00-05:00
591,90434.0,182.3561,182.304,182.3687,182.42,182.3001,1708114980000,1052,2024-02-16 15:23:00-05:00
592,69661.0,182.3334,182.37,182.31,182.37,182.3,1708115040000,878,2024-02-16 15:24:00-05:00
593,42822.0,182.3004,182.315,182.27,182.34,182.27,1708115100000,811,2024-02-16 15:25:00-05:00
594,63722.0,182.2533,182.27,182.2499,182.27,182.23,1708115160000,840,2024-02-16 15:26:00-05:00
595,68644.0,182.2449,182.247,182.28,182.28,182.2,1708115220000,964,2024-02-16 15:27:00-05:00
596,53907.0,182.2621,182.275,182.275,182.29,182.24,1708115280000,764,2024-02-16 15:28:00-05:00
597,50610.0,182.2641,182.2725,182.256,182.28,182.24,1708115340000,715,2024-02-16 15:29:00-05:00
598,88898.0,182.2541,182.26,182.21,182.28,182.21,1708115400000,1045,2024-02-16 15:30:00-05:00
599,86258.0,182.1959,182.22,182.195,182.2226,182.17,1708115460000,1155,2024-02-16 15:31:00-05:00
600,78758.0,182.1582,182.195,182.12,182.205,182.1,1708115520000,1045,2024-02-16 15:32:00-05:00
601,84870.0,182.1979,182.13,182.1999,182.245,182.125,1708115580000,1102,2024-02-16 15:33:00-05:00
602,94819.0,182.1841,182.1925,182.19,182.205,182.16,1708115640000,938,2024-02-16 15:34:00-05:00
603,74462.0,182.1988,182.2,182.23,182.236,182.153,1708115700000,1062,2024-02-16 15:35:00-05:00
604,83691.0,182.2444,182.22,182.23,182.2875,182.2,1708115760000,888,2024-02-16 15:36:00-05:00
605,55933.0,182.2452,182.24,182.21,182.275,182.21,1708115820000,782,2024-02-16 15:37:00-05:00
606,62532.0,182.1852,182.215,182.175,182.23,182.15,1708115880000,897,2024-02-16 15:38:00-05:00
607,76585.0,182.1539,182.175,182.12,182.19,182.115,1708115940000,1000,2024-02-16 15:39:00-05:00
608,300779.0,182.0055,182.12,181.98,182.12,181.92,1708116000000,5419,2024-02-16 15:40:00-05:00
609,118949.0,182.0225,181.98,181.9901,182.05,181.975,1708116060000,1436,2024-02-16 15:41:00-05:00
610,116907.0,182.0477,182.0,182.065,182.075,181.995,1708116120000,1506,2024-02-16 15:42:00-05:00
611,118880.0,182.0225,182.065,182.025,182.07,181.96,1708116180000,1571,2024-02-16 15:43:00-05:00
612,136222.0,182.0169,182.0257,182.055,182.06,181.9545,1708116240000,1557,2024-02-16 15:44:00-05:00
613,131285.0,182.0471,182.04,182.045,182.08,181.985,1708116300000,1282,2024-02-16 15:45:00-05:00
614,131266.0,181.9768,182.04,181.95,182.05,181.93,1708116360000,1635,2024-02-16 15:46:00-05:00
615,108513.0,181.9244,181.95,181.935,181.9599,181.9,1708116420000,1744,2024-02-16 15:47:00-05:00
616,101105.0,181.9384,181.94,181.8976,181.98,181.89,1708116480000,1421,2024-02-16 15:48:00-05:00
617,172459.0,181.8123,181.9,181.735,181.925,181.72,1708116540000,2984,2024-02-16 15:49:00-05:00
618,211514.0,181.7296,181.73,181.795,181.8,181.665,1708116600000,2714,2024-02-16 15:50:00-05:00
619,178273.0,181.8756,181.79,181.885,181.94,181.775,1708116660000,2294,2024-02-16 15:51:00-05:00
620,121089.0,181.8139,181.88,181.825,181.884,181.77,1708116720000,1907,2024-02-16 15:52:00-05:00
621,196428.0,181.803,181.825,181.85,181.85,181.755,1708116780000,2253,2024-02-16 15:53:00-05:00
622,289909.0,181.9172,181.845,181.964,182.05,181.81,1708116840000,3457,2024-02-16 15:54:00-05:00
623,274430.0,182.0554,181.96,182.06,182.09,181.945,1708116900000,3119,2024-02-16 15:55:00-05:00
624,200594.0,182.0539,182.05,182.075,182.0975,182.015,1708116960000,2398,2024-02-16 15:56:00-05:00
625,236217.0,182.1082,182.07,182.185,182.185,182.0601,1708117020000,2691,2024-02-16 15:57:00-05:00
626,465668.0,182.2028,182.18,182.165,182.31,182.13,1708117080000,4564,2024-02-16 15:58:00-05:00
627,690702.0,182.2283,182.17,182.29,182.3,182.12,1708117140000,6098,2024-02-16 15:59:00-05:00
628,1845191.0,182.3099,182.31,182.26,182.31,182.25,1708117200000,166,2024-02-16 16:00:00-05:00
629,100169.0,182.3077,182.24,182.31,182.31,182.21,1708117260000,71,2024-02-16 16:01:00-05:00
630,858688.0,182.249,182.31,182.12,182.31,182.12,1708117320000,55,2024-02-16 16:02:00-05:00
631,718343.0,182.2378,182.14,182.16,182.31,182.12,1708117380000,92,2024-02-16 16:03:00-05:00
632,5271.0,182.1399,182.15,182.16,182.16,182.12,1708117440000,87,2024-02-16 16:04:00-05:00
633,2209.0,182.1238,182.15,182.1103,182.15,182.11,1708117500000,61,2024-02-16 16:05:00-05:00
634,6910.0,182.2258,182.11,182.31,182.31,182.11,1708117560000,51,2024-02-16 16:06:00-05:00
635,35308.0,182.1198,182.12,182.1001,182.12,182.1001,1708117620000,43,2024-02-16 16:07:00-05:00
636,100085.0,182.1203,182.12,182.16,182.16,182.12,1708117680000,59,2024-02-16 16:08:00-05:00
637,1350.0,182.1905,182.18,182.2,182.2,182.18,1708117740000,30,2024-02-16 16:09:00-05:00
638,1605.0,182.1924,182.19,182.2,182.2,182.19,1708117800000,47,2024-02-16 16:10:00-05:00
639,967.0,182.1782,182.2,182.2,182.2,182.17,1708117860000,42,2024-02-16 16:11:00-05:00
640,43191.0,182.3036,182.15,182.1,182.31,182.1,1708117920000,39,2024-02-16 16:12:00-05:00
641,2097.0,182.1339,182.13,182.14,182.14,182.13,1708117980000,47,2024-02-16 16:13:00-05:00
642,4510.0,182.0749,182.11,182.03,182.11,182.03,1708118040000,81,2024-02-16 16:14:00-05:00
643,2558.0,182.0255,182.02,182.02,182.04,182.02,1708118100000,37,2024-02-16 16:15:00-05:00
644,6130.0,182.0055,182.03,182.0,182.03,182.0,1708118160000,128,2024-02-16 16:16:00-05:00
645,718.0,181.9867,181.99,181.99,181.99,181.99,1708118220000,48,2024-02-16 16:17:00-05:00
646,172566.0,182.3071,181.9605,181.98,182.31,181.9605,1708118280000,51,2024-02-16 16:18:00-05:00
647,19972.0,182.2592,182.31,182.04,182.31,181.98,1708118400000,63,2024-02-16 16:20:00-05:00
648,410.0,182.049,182.05,182.05,182.05,182.05,1708118460000,28,2024-02-16 16:21:00-05:00
649,5653.0,182.0494,182.04,182.05,182.0501,182.04,1708118520000,38,2024-02-16 16:22:00-05:00
650,1014.0,182.1189,182.1285,182.1001,182.13,182.1001,1708118580000,39,2024-02-16 16:23:00-05:00
651,1481.0,182.1156,182.1,182.13,182.13,182.1,1708118640000,50,2024-02-16 16:24:00-05:00
652,846.0,182.1426,182.14,182.15,182.15,182.14,1708118700000,36,2024-02-16 16:25:00-05:00
653,967.0,182.1293,182.13,182.13,182.13,182.13,1708118760000,28,2024-02-16 16:26:00-05:00
654,1284.0,182.1231,182.12,182.12,182.13,182.12,1708118820000,42,2024-02-16 16:27:00-05:00
655,1641.0,182.1257,182.12,182.13,182.13,182.12,1708118880000,37,2024-02-16 16:28:00-05:00
656,184.0,182.1219,182.12,182.12,182.12,182.12,1708118940000,21,2024-02-16 16:29:00-05:00
657,1192.0,182.1247,182.13,182.12,182.13,182.12,1708119000000,26,2024-02-16 16:30:00-05:00
658,477.0,182.1215,182.12,182.12,182.12,182.12,1708119060000,33,2024-02-16 16:31:00-05:00
659,632.0,182.1035,182.1,182.1099,182.1099,182.1,1708119120000,47,2024-02-16 16:32:00-05:00
660,2526.0,182.0781,182.08,182.06,182.08,182.06,1708119180000,33,2024-02-16 16:33:00-05:00
661,197.0,182.0749,182.08,182.08,182.08,182.08,1708119240000,23,2024-02-16 16:34:00-05:00
662,756.0,182.0979,182.1,182.1,182.1,182.1,1708119300000,29,2024-02-16 16:35:00-05:00
663,38859.0,182.306,182.11,182.31,182.31,182.11,1708119360000,32,2024-02-16 16:36:00-05:00
664,2413.0,182.1488,182.15,182.14,182.16,182.14,1708119420000,42,2024-02-16 16:37:00-05:00
665,4170.0,182.1351,182.15,182.12,182.15,182.12,1708119480000,47,2024-02-16 16:38:00-05:00
666,393.0,182.131,182.13,182.13,182.13,182.13,1708119540000,36,2024-02-16 16:39:00-05:00
667,831.0,182.137,182.14,182.14,182.14,182.13,1708119600000,41,2024-02-16 16:40:00-05:00
668,1774.0,182.1402,182.14,182.14,182.14,182.14,1708119660000,42,2024-02-16 16:41:00-05:00
669,1938.0,182.1348,182.13,182.13,182.14,182.13,1708119720000,33,2024-02-16 16:42:00-05:00
670,2031.0,182.1346,182.12,182.15,182.15,182.12,1708119780000,35,2024-02-16 16:43:00-05:00
671,13605.0,182.2955,182.15,182.15,182.15,182.15,1708119900000,25,2024-02-16 16:45:00-05:00
672,976.0,182.1563,182.17,182.15,182.17,182.15,1708119960000,33,2024-02-16 16:46:00-05:00
673,331.0,182.1307,182.13,182.13,182.13,182.13,1708120080000,16,2024-02-16 16:48:00-05:00
674,996.0,182.1181,182.13,182.11,182.13,182.11,1708120140000,39,2024-02-16 16:49:00-05:00
675,161.0,182.1183,182.11,182.11,182.11,182.11,1708120200000,22,2024-02-16 16:50:00-05:00
676,565.0,182.1266,182.13,182.12,182.13,182.12,1708120320000,28,2024-02-16 16:52:00-05:00
677,610.0,182.1202,182.12,182.12,182.12,182.12,1708120440000,35,2024-02-16 16:54:00-05:00
678,3852.0,182.1497,182.15,182.14,182.16,182.13,1708120500000,45,2024-02-16 16:55:00-05:00
679,272.0,182.14,182.15,182.13,182.15,182.13,1708120560000,25,2024-02-16 16:56:00-05:00
680,261.0,182.1387,182.14,182.14,182.14,182.14,1708120620000,23,2024-02-16 16:57:00-05:00
681,604.0,182.1305,182.13,182.13,182.13,182.13,1708120680000,21,2024-02-16 16:58:00-05:00
682,223.0,182.1373,182.1393,182.1393,182.1393,182.1393,1708120800000,28,2024-02-16 17:00:00-05:00
683,197.0,182.1265,182.12,182.12,182.12,182.12,1708120860000,28,2024-02-16 17:01:00-05:00
684,3504.0,181.9902,182.13,182.13,182.1301,182.13,1708120980000,26,2024-02-16 17:03:00-05:00
685,702.0,182.0274,182.14,182.13,182.14,182.13,1708121040000,25,2024-02-16 17:04:00-05:00
686,214.0,182.1318,182.13,182.13,182.13,182.13,1708121160000,19,2024-02-16 17:06:00-05:00
687,287.0,182.1369,182.14,182.14,182.14,182.14,1708121280000,30,2024-02-16 17:08:00-05:00
688,372.0,182.1335,182.13,182.13,182.13,182.13,1708121400000,20,2024-02-16 17:10:00-05:00
689,180.0,182.1342,182.13,182.13,182.13,182.13,1708121460000,18,2024-02-16 17:11:00-05:00
690,430.0,182.1341,182.13,182.14,182.14,182.13,1708121520000,20,2024-02-16 17:12:00-05:00
691,407.0,182.1355,182.13,182.1399,182.1399,182.13,1708121580000,21,2024-02-16 17:13:00-05:00
692,528.0,182.1306,182.13,182.14,182.14,182.13,1708121640000,38,2024-02-16 17:14:00-05:00
693,762.0,182.1175,182.1103,182.1103,182.1103,182.1103,1708121700000,42,2024-02-16 17:15:00-05:00
694,2130.0,182.1472,182.14,182.15,182.15,182.14,1708121880000,39,2024-02-16 17:18:00-05:00
695,2313.0,182.1327,182.13,182.1684,182.17,182.12,1708122000000,38,2024-02-16 17:20:00-05:00
696,247.0,182.1449,182.1409,182.1409,182.1409,182.1409,1708122060000,24,2024-02-16 17:21:00-05:00
697,4153.0,182.1787,182.17,182.18,182.18,182.17,1708122120000,30,2024-02-16 17:22:00-05:00
698,269.0,182.1709,182.17,182.17,182.17,182.17,1708122240000,19,2024-02-16 17:24:00-05:00
699,8372.0,182.1503,182.15,182.15,182.15,182.15,1708122300000,35,2024-02-16 17:25:00-05:00
700,1794.0,182.1494,182.15,182.15,182.15,182.15,1708122420000,23,2024-02-16 17:27:00-05:00
701,477.0,182.1428,182.15,182.15,182.15,182.15,1708122480000,31,2024-02-16 17:28:00-05:00
702,1011.0,182.1144,182.1014,182.12,182.12,182.1014,1708122540000,31,2024-02-16 17:29:00-05:00
703,748.0,182.1098,182.11,182.1005,182.12,182.1005,1708122660000,31,2024-02-16 17:31:00-05:00
704,707.0,182.0978,182.1,182.1,182.1,182.1,1708122720000,31,2024-02-16 17:32:00-05:00
705,303.0,182.0856,182.08,182.08,182.08,182.08,1708122900000,17,2024-02-16 17:35:00-05:00
706,984.0,182.1304,182.1,182.14,182.14,182.1,1708123020000,25,2024-02-16 17:37:00-05:00
707,1598.0,182.1657,182.14,182.19,182.19,182.14,1708123080000,21,2024-02-16 17:38:00-05:00
708,1057.0,182.1438,182.16,182.14,182.16,182.14,1708123320000,14,2024-02-16 17:42:00-05:00
709,250.0,182.1216,182.1168,182.1168,182.1168,182.1168,1708123380000,14,2024-02-16 17:43:00-05:00
710,845.0,182.1264,182.15,182.1122,182.15,182.1122,1708123440000,29,2024-02-16 17:44:00-05:00
711,435.0,182.121,182.12,182.12,182.12,182.12,1708123560000,24,2024-02-16 17:46:00-05:00
712,1555.0,182.0923,182.1,182.09,182.1,182.09,1708123680000,35,2024-02-16 17:48:00-05:00
713,208.0,182.0969,182.1,182.1,182.1,182.1,1708123740000,26,2024-02-16 17:49:00-05:00
714,390.0,182.0951,182.0824,182.08,182.0824,182.08,1708123860000,22,2024-02-16 17:51:00-05:00
715,365.0,182.1053,182.1,182.1,182.1,182.1,1708124160000,31,2024-02-16 17:56:00-05:00
716,214.0,182.0822,182.08,182.0817,182.0817,182.08,1708124340000,9,2024-02-16 17:59:00-05:00
717,698.0,182.1106,182.11,182.12,182.12,182.1,1708124400000,14,2024-02-16 18:00:00-05:00
718,340.0,182.113,182.12,182.1,182.12,182.1,1708124460000,11,2024-02-16 18:01:00-05:00
719,458.0,182.0975,182.12,182.12,182.12,182.12,1708124580000,21,2024-02-16 18:03:00-05:00
720,593.0,182.0812,182.08,182.08,182.08,182.08,1708124640000,19,2024-02-16 18:04:00-05:00
721,123.0,182.0861,182.08,182.08,182.08,182.08,1708124700000,12,2024-02-16 18:05:00-05:00
722,346.0,182.0897,182.08,182.08,182.08,182.08,1708125060000,19,2024-02-16 18:11:00-05:00
723,288.0,182.1118,182.11,182.11,182.11,182.11,1708125120000,16,2024-02-16 18:12:00-05:00
724,567.0,182.1274,182.11,182.11,182.11,182.11,1708125300000,43,2024-02-16 18:15:00-05:00
725,589.0,182.1293,182.13,182.13,182.13,182.13,1708125480000,19,2024-02-16 18:18:00-05:00
726,269.0,182.1129,182.11,182.11,182.11,182.11,1708125660000,17,2024-02-16 18:21:00-05:00
727,301.0,182.1154,182.11,182.11,182.11,182.11,1708125720000,24,2024-02-16 18:22:00-05:00
728,340.0,182.1287,182.11,182.14,182.14,182.11,1708125780000,13,2024-02-16 18:23:00-05:00
729,534.0,182.1354,182.14,182.14,182.14,182.14,1708126020000,11,2024-02-16 18:27:00-05:00
730,452.0,182.1247,182.12,182.12,182.12,182.12,1708126140000,20,2024-02-16 18:29:00-05:00
731,357.0,182.1215,182.12,182.12,182.12,182.12,1708126200000,20,2024-02-16 18:30:00-05:00
732,2049.0,182.1104,182.11,182.11,182.11,182.11,1708126320000,26,2024-02-16 18:32:00-05:00
733,685.0,182.1214,182.12,182.12,182.12,182.12,1708126500000,11,2024-02-16 18:35:00-05:00
734,2238.0,182.1247,182.12,182.13,182.1399,182.12,1708126560000,18,2024-02-16 18:36:00-05:00
735,498.0,182.1398,182.14,182.14,182.14,182.14,1708126680000,15,2024-02-16 18:38:00-05:00
736,305.0,182.1475,182.15,182.15,182.15,182.15,1708126740000,17,2024-02-16 18:39:00-05:00
737,797.0,182.1414,182.14,182.1417,182.1417,182.14,1708126800000,12,2024-02-16 18:40:00-05:00
738,621.0,182.16,182.16,182.16,182.16,182.16,1708126980000,10,2024-02-16 18:43:00-05:00
739,1006.0,182.1601,182.16,182.16,182.16,182.16,1708127040000,5,2024-02-16 18:44:00-05:00
740,1128.0,182.171,182.16,182.18,182.18,182.16,1708127100000,21,2024-02-16 18:45:00-05:00
741,288.0,182.1649,182.16,182.16,182.16,182.16,1708127160000,8,2024-02-16 18:46:00-05:00
742,246.0,182.1736,182.17,182.18,182.18,182.17,1708127220000,11,2024-02-16 18:47:00-05:00
743,312.0,182.1659,182.18,182.18,182.18,182.18,1708127340000,23,2024-02-16 18:49:00-05:00
744,254.0,182.1605,182.16,182.16,182.16,182.16,1708127460000,17,2024-02-16 18:51:00-05:00
745,1009.0,182.1611,182.16,182.16,182.16,182.16,1708127520000,12,2024-02-16 18:52:00-05:00
746,531.0,182.1463,182.14,182.14,182.14,182.14,1708127580000,30,2024-02-16 18:53:00-05:00
747,1555.0,182.04,182.0423,182.08,182.08,182.0315,1708127820000,18,2024-02-16 18:57:00-05:00
748,585.0,182.0438,182.04,182.04,182.04,182.04,1708127880000,37,2024-02-16 18:58:00-05:00
749,454.0,182.0594,182.05,182.05,182.05,182.05,1708127940000,11,2024-02-16 18:59:00-05:00
750,679.0,182.0649,182.06,182.06,182.06,182.06,1708128240000,19,2024-02-16 19:04:00-05:00
751,1378.0,182.0526,182.06,182.05,182.06,182.05,1708128300000,14,2024-02-16 19:05:00-05:00
752,555.0,182.0876,182.09,182.09,182.09,182.09,1708128360000,15,2024-02-16 19:06:00-05:00
753,427.0,182.0575,182.05,182.05,182.05,182.05,1708128420000,19,2024-02-16 19:07:00-05:00
754,194.0,182.0716,182.07,182.07,182.07,182.07,1708128480000,16,2024-02-16 19:08:00-05:00
755,230.0,182.0673,182.07,182.07,182.07,182.07,1708128600000,10,2024-02-16 19:10:00-05:00
756,1346.0,182.0515,182.05,182.06,182.06,182.05,1708128660000,17,2024-02-16 19:11:00-05:00
757,322.0,182.0555,182.05,182.05,182.05,182.05,1708128720000,26,2024-02-16 19:12:00-05:00
758,491.0,182.0367,182.05,182.05,182.05,182.05,1708128780000,28,2024-02-16 19:13:00-05:00
759,784.0,182.062,182.07,182.07,182.07,182.07,1708128840000,22,2024-02-16 19:14:00-05:00
760,1001.0,182.0617,182.05,182.07,182.07,182.05,1708129140000,16,2024-02-16 19:19:00-05:00
761,417.0,182.079,182.09,182.09,182.09,182.09,1708129320000,18,2024-02-16 19:22:00-05:00
762,345.0,182.0813,182.08,182.08,182.08,182.08,1708129440000,18,2024-02-16 19:24:00-05:00
763,1215.0,182.0883,182.09,182.07,182.09,182.07,1708129500000,11,2024-02-16 19:25:00-05:00
764,488.0,182.0684,182.07,182.06,182.07,182.06,1708129560000,14,2024-02-16 19:26:00-05:00
765,775.0,182.0751,182.07,182.09,182.09,182.07,1708129800000,26,2024-02-16 19:30:00-05:00
766,164.0,182.0347,182.03,182.03,182.03,182.03,1708129860000,10,2024-02-16 19:31:00-05:00
767,344.0,182.0653,182.04,182.09,182.09,182.04,1708129980000,23,2024-02-16 19:33:00-05:00
768,424.0,182.0903,182.09,182.09,182.09,182.09,1708130100000,15,2024-02-16 19:35:00-05:00
769,537.0,182.1,182.1,182.1,182.1,182.1,1708130160000,15,2024-02-16 19:36:00-05:00
770,3094.0,182.0239,182.06,182.0,182.06,182.0,1708130220000,51,2024-02-16 19:37:00-05:00
771,220.0,182.0372,182.03,182.03,182.03,182.03,1708130280000,12,2024-02-16 19:38:00-05:00
772,1290.0,182.0327,182.03,182.03,182.03,182.03,1708130340000,13,2024-02-16 19:39:00-05:00
773,523.0,182.0319,182.03,182.03,182.03,182.03,1708130400000,9,2024-02-16 19:40:00-05:00
774,472.0,182.039,182.03,182.03,182.03,182.03,1708130460000,19,2024-02-16 19:41:00-05:00
775,1227.0,182.0013,182.0,182.0,182.0,182.0,1708130580000,22,2024-02-16 19:43:00-05:00
776,673.0,182.0002,182.0,182.0,182.0,182.0,1708130640000,25,2024-02-16 19:44:00-05:00
777,461.0,182.0133,182.02,182.0,182.02,182.0,1708130760000,14,2024-02-16 19:46:00-05:00
778,777.0,182.017,182.01,182.01,182.01,182.01,1708130820000,25,2024-02-16 19:47:00-05:00
779,494.0,182.0185,182.0,182.0,182.0,182.0,1708130880000,17,2024-02-16 19:48:00-05:00
780,1030.0,182.0085,182.01,182.02,182.02,182.0,1708131000000,63,2024-02-16 19:50:00-05:00
781,372.0,182.0102,182.01,182.01,182.01,182.01,1708131060000,15,2024-02-16 19:51:00-05:00
782,1075.0,182.015,182.0,182.02,182.02,182.0,1708131120000,43,2024-02-16 19:52:00-05:00
783,871.0,182.023,182.02,182.01,182.05,182.0,1708131180000,29,2024-02-16 19:53:00-05:00
784,1478.0,182.0033,182.02,182.0,182.02,182.0,1708131420000,69,2024-02-16 19:57:00-05:00
785,1369.0,181.9754,182.0,181.96,182.0,181.96,1708131480000,46,2024-02-16 19:58:00-05:00
786,1646.0,181.9421,181.96,181.95,181.96,181.91,1708131540000,62,2024-02-16 19:59:00-05:00
